{
  "categories": [
    {
      "id": 0,
      "name": "Airheads"
    },
    {
      "id": 1,
      "name": "Gummy Worms"
    },
    {
      "id": 2,
      "name": "M&M's Peanut"
    },
    {
      "id": 3,
      "name": "M&M's Regular"
    },
    {
      "id": 4,
      "name": "Milky Way"
    },
    {
      "id": 5,
      "name": "Nerds"
    },
    {
      "id": 6,
      "name": "Skittles"
    },
    {
      "id": 7,
      "name": "Snickers"
    },
    {
      "id": 8,
      "name": "Starburst"
    },
    {
      "id": 9,
      "name": "Three Musketeers"
    },
    {
      "id": 10,
      "name": "Twizzlers"
    }
  ],
  "info": {
    "year": 2025,
    "version": "1.0",
    "contributor": "Label Studio"
  }
}